2025-04-22 13:03:27,Page Title,PASS
22-04-2025 15:39:41,Page Title,PASS
2025-04-22 15:53:10,Název stránky,PASS
22-04-2025 15:54:38,Název stránky,PASS
22-04-2025 16:08:02,Název stránky,PASS
22-04-2025 16:09:41,Název stránky,PASS
22-04-2025 16:38:07,Název stránky,PASS
22-04-2025 16:40:29,Název stránky,PASS
22-04-2025 16:42:36,Název stránky,PASS
22-04-2025 17:09:14,Název stránky,OK
22-04-2025 17:51:47,Název stránky,OK
22-04-2025 18:36:45,Název stránky,OK
28-04-2025 17:26:56,Ověření názvu stránky,Úspěšný
28-04-2025 17:26:56,Ověření viditelnosti loga,Neúspěšný
28-04-2025 17:34:59,Ověření názvu stránky,Úspěšný
28-04-2025 17:35:48,Ověření názvu stránky,Úspěšný
28-04-2025 17:36:41,Ověření názvu stránky,Úspěšný
28-04-2025 17:38:57,Ověření názvu stránky,Úspěšný
28-04-2025 17:39:13,Ověření názvu stránky,Úspěšný
28-04-2025 17:43:40,Ověření názvu stránky,Úspěšný
28-04-2025 17:43:51,Ověření názvu stránky,Úspěšný
28-04-2025 17:45:28,Ověření názvu stránky,Úspěšný
28-04-2025 17:48:39,Ověření názvu stránky,Úspěšný
28-04-2025 17:48:44,Ověření viditelnosti loga,Chyba
28-04-2025 17:59:19,Ověření názvu stránky,Úspěšný
28-04-2025 17:59:29,Ověření viditelnosti loga,Chyba
28-04-2025 18:09:10,Ověření názvu stránky,Úspěšný
28-04-2025 18:10:30,Ověření názvu stránky,Úspěšný
28-04-2025 18:10:31,Ověření loga VTM,Neúspěšný
28-04-2025 18:15:15,Ověření názvu stránky,Úspěšný
28-04-2025 18:16:22,Ověření názvu stránky,Úspěšný
28-04-2025 18:16:22,Ověření loga VTM,Neúspěšný
28-04-2025 18:16:43,Ověření názvu stránky,Úspěšný
28-04-2025 18:16:53,Ověření loga VTM,Neúspěšný
28-04-2025 18:17:21,Ověření názvu stránky,Úspěšný
28-04-2025 18:17:31,Ověření loga VTM,Neúspěšný
28-04-2025 18:20:18,Ověření názvu stránky,Úspěšný
28-04-2025 18:20:28,Ověření loga VTM,Neúspěšný
28-04-2025 18:22:06,Ověření názvu stránky,Úspěšný
28-04-2025 18:22:26,Ověření loga VTM,Neúspěšný
28-04-2025 18:22:35,Ověření názvu stránky,Úspěšný
28-04-2025 18:22:55,Ověření loga VTM,Neúspěšný
28-04-2025 18:24:04,Ověření názvu stránky,Úspěšný
28-04-2025 18:24:34,Ověření loga VTM,Neúspěšný
28-04-2025 18:27:28,Ověření názvu stránky,Úspěšný
28-04-2025 18:27:58,Ověření loga VTM,Neúspěšný
28-04-2025 18:28:13,Ověření názvu stránky,Úspěšný
28-04-2025 18:28:14,Ověření loga VTM,Neúspěšný
28-04-2025 18:30:00,Ověření názvu stránky,Úspěšný
28-04-2025 18:30:31,Ověření loga VTM,Neúspěšný
28-04-2025 18:31:11,Ověření názvu stránky,Úspěšný
28-04-2025 18:31:11,Ověření loga VTM,Neúspěšný
28-04-2025 18:32:52,Ověření názvu stránky,Úspěšný
28-04-2025 18:32:52,Ověření loga VTM,Úspěšný
28-04-2025 18:34:58,Ověření názvu stránky,Úspěšný
28-04-2025 18:34:58,Ověření loga,Neúspěšný
28-04-2025 18:36:47,Ověření názvu stránky,Úspěšný
28-04-2025 18:37:07,Ověření loga,Neúspěšný
28-04-2025 18:38:11,Ověření názvu stránky,Úspěšný
28-04-2025 18:38:41,Ověření loga,Neúspěšný
28-04-2025 18:38:51,Ověření názvu stránky,Úspěšný
28-04-2025 18:38:51,Ověření loga VTM,Úspěšný
28-04-2025 18:42:14,Ověření názvu stránky,Úspěšný
28-04-2025 18:42:42,Ověření názvu stránky,Úspěšný
28-04-2025 18:42:52,Ověření loga,Neúspěšný
28-04-2025 18:43:00,Ověření názvu stránky,Úspěšný
28-04-2025 18:43:10,Ověření loga,Neúspěšný
28-04-2025 18:44:28,Ověření názvu stránky,Úspěšný
28-04-2025 18:44:59,Ověření názvu stránky,Úspěšný
28-04-2025 18:45:09,Ověření loga,Neúspěšný
28-04-2025 18:45:54,Ověření názvu stránky,Úspěšný
28-04-2025 18:46:15,Ověření názvu stránky,Úspěšný
28-04-2025 18:46:25,Ověření loga,Neúspěšný
28-04-2025 18:47:20,Ověření názvu stránky,Úspěšný
28-04-2025 18:47:31,Ověření názvu stránky,Úspěšný
28-04-2025 18:47:41,Ověření loga,Neúspěšný
28-04-2025 18:48:15,Ověření názvu stránky,Úspěšný
28-04-2025 18:48:25,Ověření loga,Neúspěšný
28-04-2025 18:48:32,Ověření názvu stránky,Úspěšný
28-04-2025 18:48:42,Ověření loga,Neúspěšný
28-04-2025 18:49:12,Ověření názvu stránky,Úspěšný
28-04-2025 18:49:22,Ověření loga,Neúspěšný
28-04-2025 18:51:26,Ověření názvu stránky,Úspěšný
28-04-2025 18:51:56,Ověření loga,Neúspěšný
28-04-2025 18:53:20,Ověření názvu stránky,Úspěšný
28-04-2025 18:53:50,Ověření loga,Neúspěšný
28-04-2025 18:55:11,Ověření názvu stránky,Úspěšný
28-04-2025 18:56:02,Ověření loga,Neúspěšný
28-04-2025 18:58:19,Ověření názvu stránky,Úspěšný
28-04-2025 18:58:20,Ověření loga,Neúspěšný
28-04-2025 18:59:33,Ověření názvu stránky,Úspěšný
28-04-2025 18:59:36,Ověření loga,Neúspěšný
28-04-2025 19:02:44,Ověření názvu stránky,Úspěšný
28-04-2025 19:06:56,Ověření názvu stránky,Úspěšný
28-04-2025 19:07:06,Ověření loga,Neúspěšný
28-04-2025 19:08:35,Ověření názvu stránky,Úspěšný
28-04-2025 19:08:46,Ověření loga,Neúspěšný
28-04-2025 19:15:52,Ověření názvu stránky,Úspěšný
28-04-2025 19:16:02,Ověření loga,Neúspěšný
28-04-2025 19:16:57,Ověření názvu stránky,Úspěšný
28-04-2025 19:17:07,Ověření loga,Neúspěšný
28-04-2025 19:17:07,Test odkazu: Věda,Neúspěšný
28-04-2025 19:17:08,Test odkazu: Technika,Neúspěšný
28-04-2025 19:17:38,Test odkazu: Zajímavosti,Neúspěšný
28-04-2025 19:17:38,Test odkazu: Budoucnost,Neúspěšný
28-04-2025 19:22:30,Ověření názvu stránky,Úspěšný
28-04-2025 19:22:40,Ověření loga,Neúspěšný
28-04-2025 19:22:40,Test odkazu: Věda,Neúspěšný
28-04-2025 19:22:40,Test odkazu: Technika,Neúspěšný
28-04-2025 19:23:10,Test odkazu: Zajímavosti,Neúspěšný
28-04-2025 19:23:10,Test odkazu: Budoucnost,Neúspěšný
28-04-2025 19:24:07,Ověření názvu stránky,Úspěšný
28-04-2025 19:24:18,Ověření loga,Neúspěšný
28-04-2025 19:24:18,Test odkazu: Věda,Neúspěšný
28-04-2025 19:24:18,Test odkazu: Technika,Neúspěšný
28-04-2025 19:24:48,Test odkazu: Zajímavosti,Neúspěšný
28-04-2025 19:24:48,Test odkazu: Budoucnost,Neúspěšný
28-04-2025 19:27:59,Ověření názvu stránky,Úspěšný
28-04-2025 19:28:10,Ověření loga,Neúspěšný
28-04-2025 19:28:10,Test odkazu: Počítače,Neúspěšný
28-04-2025 19:28:10,Test odkazu: Mobily,Neúspěšný
28-04-2025 19:28:10,Test odkazu: Věda a technika,Neúspěšný
28-04-2025 19:28:10,Test odkazu: Hry,Neúspěšný
28-04-2025 19:28:10,Test odkazu: Filmy a AV,Neúspěšný
28-04-2025 19:31:02,Ověření názvu stránky,Úspěšný
28-04-2025 19:31:12,Ověření loga,Neúspěšný
28-04-2025 19:31:12,Test odkazu: Počítače,Neúspěšný
28-04-2025 19:31:12,Test odkazu: Mobily,Neúspěšný
28-04-2025 19:31:12,Test odkazu: Věda a technika,Neúspěšný
28-04-2025 19:31:12,Test odkazu: Hry,Neúspěšný
28-04-2025 19:31:12,Test odkazu: Filmy a AV,Neúspěšný
28-04-2025 19:32:22,Ověření názvu stránky,Úspěšný
28-04-2025 19:32:32,Ověření loga,Neúspěšný
28-04-2025 19:33:02,Test odkazu: Počítače,Neúspěšný
28-04-2025 19:33:32,Test odkazu: Mobily,Neúspěšný
28-04-2025 19:34:02,Test odkazu: Věda a technika,Neúspěšný
28-04-2025 19:34:32,Test odkazu: Hry,Neúspěšný
28-04-2025 19:35:02,Test odkazu: Filmy a AV,Neúspěšný
28-04-2025 19:37:11,Ověření názvu stránky,Úspěšný
28-04-2025 19:37:21,Ověření loga,Neúspěšný
28-04-2025 19:37:21,Test odkazu: Počítače,Neúspěšný
28-04-2025 19:37:21,Test odkazu: Mobily,Neúspěšný
28-04-2025 19:37:21,Test odkazu: Věda a technika,Neúspěšný
28-04-2025 19:37:21,Test odkazu: Hry,Neúspěšný
28-04-2025 19:37:22,Test odkazu: Filmy a AV,Neúspěšný
28-04-2025 19:44:52,Ověření názvu stránky,Úspěšný
28-04-2025 19:45:02,Ověření loga,Neúspěšný
28-04-2025 19:45:03,Test odkazu: Počítače,Neúspěšný
28-04-2025 19:45:03,Test odkazu: Mobily,Neúspěšný
28-04-2025 19:45:03,Test odkazu: Věda a technika,Neúspěšný
28-04-2025 19:45:03,Test odkazu: Hry,Neúspěšný
28-04-2025 19:45:03,Test odkazu: Filmy a AV,Neúspěšný
28-04-2025 19:48:09,Ověření názvu stránky,Úspěšný
28-04-2025 19:48:10,Ověření loga,Neúspěšný
28-04-2025 19:48:20,Test odkazu: Počítače,Neúspěšný
28-04-2025 19:48:30,Test odkazu: Mobily,Neúspěšný
28-04-2025 19:48:40,Test odkazu: Věda a technika,Neúspěšný
28-04-2025 19:48:50,Test odkazu: Hry,Neúspěšný
28-04-2025 19:49:00,Test odkazu: Filmy a AV,Neúspěšný
28-04-2025 19:51:40,Ověření názvu stránky,Úspěšný
28-04-2025 19:51:40,Ověření loga,Úspěšný
28-04-2025 19:51:52,Test odkazu: Počítače,Neúspěšný
28-04-2025 19:52:02,Test odkazu: Mobily,Neúspěšný
28-04-2025 19:52:13,Test odkazu: Věda a technika,Neúspěšný
28-04-2025 19:52:23,Test odkazu: Hry,Neúspěšný
28-04-2025 19:52:34,Test odkazu: Filmy a AV,Neúspěšný
28-04-2025 19:56:13,Ověření názvu stránky,Úspěšný
28-04-2025 19:56:13,Ověření loga,Úspěšný
28-04-2025 19:56:25,Test odkazu: Počítače,Neúspěšný
28-04-2025 19:56:35,Test odkazu: Mobily,Neúspěšný
28-04-2025 19:56:46,Test odkazu: Věda a technika,Neúspěšný
28-04-2025 19:56:56,Test odkazu: Hry,Neúspěšný
28-04-2025 19:57:06,Test odkazu: Filmy a AV,Neúspěšný
28-04-2025 20:00:09,Ověření názvu stránky,Úspěšný
28-04-2025 20:00:09,Ověření loga,Úspěšný
28-04-2025 20:00:20,Test odkazu: Počítače,Neúspěšný
28-04-2025 20:00:30,Test odkazu: Mobily,Neúspěšný
28-04-2025 20:00:41,Test odkazu: Věda a technika,Neúspěšný
28-04-2025 20:00:51,Test odkazu: Hry,Neúspěšný
28-04-2025 20:01:01,Test odkazu: Filmy a AV,Neúspěšný
28-04-2025 20:05:36,Ověření názvu stránky,Úspěšný
28-04-2025 20:05:36,Ověření loga,Úspěšný
28-04-2025 20:05:46,Test odkazu: Počítače,Neúspěšný
28-04-2025 20:05:57,Test odkazu: Mobily,Neúspěšný
28-04-2025 20:06:07,Test odkazu: Věda a technika,Neúspěšný
28-04-2025 20:06:18,Test odkazu: Hry,Neúspěšný
28-04-2025 20:06:28,Test odkazu: Filmy a AV,Neúspěšný
28-04-2025 20:08:44,Ověření názvu stránky,Úspěšný
28-04-2025 20:08:44,Ověření loga,Úspěšný
28-04-2025 20:08:54,Test odkazu: Počítače,Neúspěšný
28-04-2025 20:09:05,Test odkazu: Mobily,Neúspěšný
28-04-2025 20:09:15,Test odkazu: Věda a technika,Neúspěšný
28-04-2025 20:09:26,Test odkazu: Hry,Neúspěšný
28-04-2025 20:09:31,Test odkazu: Filmy a AV,Úspěšný
28-04-2025 20:11:57,Ověření názvu stránky,Úspěšný
28-04-2025 20:11:57,Ověření loga,Úspěšný
28-04-2025 20:12:12,Test odkazu: Počítače,Neúspěšný
28-04-2025 20:12:28,Test odkazu: Mobily,Neúspěšný
28-04-2025 20:12:43,Test odkazu: Věda a technika,Neúspěšný
28-04-2025 20:12:55,Test odkazu: Hry,Úspěšný
28-04-2025 20:13:10,Test odkazu: Filmy a AV,Úspěšný
28-04-2025 20:24:20,Ověření názvu stránky,Úspěšný
28-04-2025 20:24:25,Ověření loga,Neúspěšný
28-04-2025 20:24:29,Test odkazu: Počítače,Úspěšný
28-04-2025 20:24:34,Test odkazu: Mobily,Neúspěšný
28-04-2025 20:24:40,Test odkazu: Věda a technika,Neúspěšný
28-04-2025 20:24:46,Test odkazu: Hry,Neúspěšný
28-04-2025 20:24:51,Test odkazu: Filmy a AV,Neúspěšný
28-04-2025 20:30:36,Ověření názvu stránky,Úspěšný
28-04-2025 20:30:36,Ověření loga,Úspěšný
28-04-2025 20:30:41,Test odkazu: Počítače,Neúspěšný
28-04-2025 20:30:48,Test odkazu: Mobily,Neúspěšný
28-04-2025 20:30:54,Test odkazu: Věda a technika,Neúspěšný
28-04-2025 20:30:58,Test odkazu: Hry,Úspěšný
28-04-2025 20:31:04,Test odkazu: Filmy a AV,Neúspěšný
28-04-2025 20:33:19,Ověření názvu stránky,Úspěšný
28-04-2025 20:33:19,Ověření loga,Úspěšný
28-04-2025 20:33:25,Test odkazu: Počítače,Neúspěšný
28-04-2025 20:33:30,Test odkazu: Mobily,Neúspěšný
28-04-2025 20:33:35,Test odkazu: Věda a technika,Úspěšný
28-04-2025 20:33:40,Test odkazu: Hry,Neúspěšný
28-04-2025 20:33:46,Test odkazu: Filmy a AV,Neúspěšný
28-04-2025 20:40:23,Ověření názvu stránky,Úspěšný
28-04-2025 20:40:23,Ověření loga,Úspěšný
28-04-2025 20:40:33,Test odkazu: Počítače,Neúspěšný
28-04-2025 20:40:44,Test odkazu: Mobily,Neúspěšný
28-04-2025 20:40:51,Test odkazu: Věda a technika,Úspěšný
28-04-2025 20:40:55,Test odkazu: Hry,Úspěšný
28-04-2025 20:41:05,Test odkazu: Filmy a AV,Neúspěšný
28-04-2025 20:46:35,Ověření názvu stránky,Úspěšný
28-04-2025 20:46:35,Ověření loga,Úspěšný
28-04-2025 20:46:46,Test odkazu: POČÍTAČE,Neúspěšný
28-04-2025 20:46:56,Test odkazu: MOBILY,Neúspěšný
28-04-2025 20:47:07,Test odkazu: VĚDA A TECHNIKA,Neúspěšný
28-04-2025 20:47:18,Test odkazu: HRY,Neúspěšný
28-04-2025 20:47:29,Test odkazu: FILMY A AV,Neúspěšný
28-04-2025 20:52:25,Ověření názvu stránky,Úspěšný
28-04-2025 20:52:26,Ověření loga,Úspěšný
28-04-2025 20:52:37,Test odkazu: POČÍTAČE,Neúspěšný
28-04-2025 20:52:48,Test odkazu: MOBILY,Neúspěšný
28-04-2025 20:52:53,Test odkazu: VĚDA A TECHNIKA,Úspěšný
28-04-2025 20:53:04,Test odkazu: HRY,Neúspěšný
28-04-2025 20:53:10,Test odkazu: FILMY A AV,Úspěšný
28-04-2025 20:59:38,Ověření názvu stránky,Úspěšný
28-04-2025 20:59:38,Ověření loga,Úspěšný
28-04-2025 20:59:48,Test odkazu: POČÍTAČE,Neúspěšný
28-04-2025 20:59:59,Test odkazu: MOBILY,Neúspěšný
28-04-2025 21:00:10,Test odkazu: VĚDA A TECHNIKA,Neúspěšný
28-04-2025 21:00:20,Test odkazu: HRY,Neúspěšný
28-04-2025 21:00:31,Test odkazu: FILMY A AV,Neúspěšný
28-04-2025 21:01:29,Ověření názvu stránky,Úspěšný
28-04-2025 21:01:29,Ověření loga,Úspěšný
28-04-2025 21:01:40,Test odkazu: Počítače,Neúspěšný
28-04-2025 21:01:50,Test odkazu: Mobily,Neúspěšný
28-04-2025 21:01:56,Test odkazu: Věda a technika,Úspěšný
28-04-2025 21:02:07,Test odkazu: Hry,Úspěšný
28-04-2025 21:02:18,Test odkazu: Filmy a AV,Neúspěšný
28-04-2025 21:03:52,Ověření názvu stránky,Úspěšný
28-04-2025 21:03:52,Ověření loga,Úspěšný
28-04-2025 21:04:08,Test odkazu: Počítače,Neúspěšný
28-04-2025 21:04:12,Test odkazu: Mobily,Úspěšný
28-04-2025 21:04:20,Test odkazu: Věda a technika,Úspěšný
28-04-2025 21:04:36,Test odkazu: Hry,Neúspěšný
28-04-2025 21:04:41,Test odkazu: Filmy a AV,Úspěšný
28-04-2025 21:06:14,Ověření názvu stránky,Úspěšný
28-04-2025 21:06:14,Ověření loga,Úspěšný
28-04-2025 21:06:35,Test odkazu: Počítače,Neúspěšný
28-04-2025 21:06:39,Test odkazu: Mobily,Úspěšný
28-04-2025 21:06:59,Test odkazu: Věda a technika,Neúspěšný
28-04-2025 21:07:07,Test odkazu: Hry,Úspěšný
28-04-2025 21:07:12,Test odkazu: Filmy a AV,Úspěšný
28-04-2025 21:09:03,Ověření názvu stránky,Úspěšný
28-04-2025 21:09:03,Ověření loga,Úspěšný
28-04-2025 21:09:24,Test odkazu: Počítače,Neúspěšný
28-04-2025 21:09:45,Test odkazu: Mobily,Neúspěšný
28-04-2025 21:09:51,Test odkazu: Věda a technika,Úspěšný
28-04-2025 21:09:54,Test odkazu: Hry,Úspěšný
28-04-2025 21:09:59,Test odkazu: Filmy a AV,Úspěšný
28-04-2025 21:10:41,Ověření názvu stránky,Úspěšný
28-04-2025 21:10:41,Ověření loga,Úspěšný
28-04-2025 21:11:12,Test odkazu: Počítače,Neúspěšný
28-04-2025 21:11:42,Test odkazu: Mobily,Neúspěšný
28-04-2025 21:12:13,Test odkazu: Věda a technika,Neúspěšný
28-04-2025 21:12:44,Test odkazu: Hry,Neúspěšný
28-04-2025 21:13:15,Test odkazu: Filmy a AV,Neúspěšný
28-04-2025 21:22:46,Ověření názvu stránky,Úspěšný
28-04-2025 21:22:46,Ověření loga,Úspěšný
28-04-2025 21:23:17,Test odkazu: Počítače,Neúspěšný
28-04-2025 21:23:48,Test odkazu: Mobily,Neúspěšný
28-04-2025 21:23:52,Test odkazu: Věda a technika,Úspěšný
28-04-2025 21:24:23,Test odkazu: Hry,Neúspěšný
28-04-2025 21:24:28,Test odkazu: Filmy a AV,Úspěšný
28-04-2025 21:28:01,Ověření názvu stránky,Úspěšný
28-04-2025 21:28:02,Ověření loga,Úspěšný
28-04-2025 21:28:32,Test odkazu: Počítače,Neúspěšný
28-04-2025 21:29:03,Test odkazu: Mobily,Neúspěšný
28-04-2025 21:29:34,Test odkazu: Věda a technika,Neúspěšný
28-04-2025 21:30:05,Test odkazu: Hry,Neúspěšný
28-04-2025 21:30:35,Test odkazu: Filmy a AV,Neúspěšný
28-04-2025 21:30:38,Otevření článku,Úspěšný
28-04-2025 21:34:26,Ověření názvu stránky,Úspěšný
28-04-2025 21:34:26,Ověření loga,Úspěšný
28-04-2025 21:34:56,Test odkazu: Počítače,Neúspěšný
28-04-2025 21:40:28,Ověření názvu stránky,Úspěšný
28-04-2025 21:40:28,Ověření loga,Úspěšný
28-04-2025 21:40:48,Test odkazu: Počítače,Neúspěšný
28-04-2025 21:40:55,Test odkazu: Mobily,Úspěšný
28-04-2025 21:41:15,Test odkazu: Věda a technika,Úspěšný
28-04-2025 21:41:36,Test odkazu: Hry,Neúspěšný
28-04-2025 21:41:56,Test odkazu: Filmy a AV,Neúspěšný
28-04-2025 21:41:59,Otevření článku,Úspěšný
28-04-2025 21:46:15,Ověření názvu stránky,Úspěšný
28-04-2025 21:46:15,Ověření loga,Úspěšný
28-04-2025 21:46:36,Test odkazu: Počítače,Neúspěšný
28-04-2025 21:46:56,Test odkazu: Mobily,Neúspěšný
28-04-2025 21:47:17,Test odkazu: Věda a technika,Neúspěšný
28-04-2025 21:47:38,Test odkazu: Hry,Neúspěšný
28-04-2025 21:47:42,Test odkazu: Filmy a AV,Úspěšný
28-04-2025 21:47:44,Otevření článku,Úspěšný
28-04-2025 21:50:32,Ověření názvu stránky,Úspěšný
28-04-2025 21:50:32,Ověření loga,Úspěšný
28-04-2025 21:50:52,Test odkazu: Počítače,Neúspěšný
28-04-2025 21:51:13,Test odkazu: Mobily,Neúspěšný
28-04-2025 21:51:18,Test odkazu: Věda a technika,Úspěšný
28-04-2025 21:51:21,Test odkazu: Hry,Úspěšný
28-04-2025 21:51:42,Test odkazu: Filmy a AV,Neúspěšný
28-04-2025 21:51:44,Otevření článku,Úspěšný
28-04-2025 21:53:14,Ověření názvu stránky,Úspěšný
28-04-2025 21:53:14,Ověření loga,Úspěšný
28-04-2025 21:53:34,Test odkazu: Počítače,Neúspěšný
28-04-2025 21:53:43,Test odkazu: Mobily,Úspěšný
28-04-2025 21:53:48,Test odkazu: Věda a technika,Úspěšný
28-04-2025 21:53:52,Test odkazu: Hry,Úspěšný
28-04-2025 21:54:13,Test odkazu: Filmy a AV,Neúspěšný
28-04-2025 21:54:15,Otevření článku,Úspěšný
28-04-2025 21:58:27,Ověření názvu stránky,Úspěšný
28-04-2025 21:58:27,Ověření loga,Úspěšný
28-04-2025 21:58:48,Test odkazu: Počítače,Neúspěšný
28-04-2025 21:59:01,Test odkazu: Mobily,Úspěšný
28-04-2025 21:59:05,Test odkazu: Věda a technika,Úspěšný
28-04-2025 21:59:09,Test odkazu: Hry,Úspěšný
28-04-2025 21:59:29,Test odkazu: Filmy a AV,Neúspěšný
28-04-2025 21:59:31,Otevření článku,Úspěšný
28-04-2025 22:17:25,Ověření názvu stránky,Úspěšný
28-04-2025 22:17:25,Ověření loga,Úspěšný
28-04-2025 22:17:46,Test odkazu: Počítače,Neúspěšný
28-04-2025 22:18:07,Test odkazu: Mobily,Neúspěšný
28-04-2025 22:18:27,Test odkazu: Věda a technika,Neúspěšný
28-04-2025 22:18:34,Test odkazu: Hry,Úspěšný
28-04-2025 22:18:38,Test odkazu: Filmy a AV,Úspěšný
28-04-2025 22:18:40,Otevření článku,Úspěšný
28-04-2025 22:18:42,Vyhledávání,Neúspěšný
28-04-2025 22:21:26,Ověření názvu stránky,Úspěšný
28-04-2025 22:21:26,Ověření loga,Úspěšný
28-04-2025 22:21:46,Test odkazu: Počítače,Neúspěšný
28-04-2025 22:21:52,Test odkazu: Mobily,Úspěšný
28-04-2025 22:22:12,Test odkazu: Věda a technika,Neúspěšný
28-04-2025 22:22:16,Test odkazu: Hry,Úspěšný
28-04-2025 22:22:37,Test odkazu: Filmy a AV,Neúspěšný
28-04-2025 22:22:39,Otevření článku,Úspěšný
28-04-2025 22:22:40,Vyhledávání,Neúspěšný
29-04-2025 13:12:00,Ověření názvu stránky,Úspěšný
29-04-2025 13:12:01,Ověření loga,Úspěšný
29-04-2025 13:12:22,Test odkazu: Počítače,Neúspěšný
29-04-2025 13:12:27,Test odkazu: Mobily,Úspěšný
29-04-2025 13:12:32,Test odkazu: Věda a technika,Úspěšný
29-04-2025 13:12:37,Test odkazu: Hry,Úspěšný
29-04-2025 13:12:57,Test odkazu: Filmy a AV,Neúspěšný
29-04-2025 13:13:00,Otevření článku,Úspěšný
29-04-2025 13:13:01,Vyhledávání,Neúspěšný
29-04-2025 14:42:09,Ověření názvu stránky,Úspěšný
29-04-2025 14:42:09,Ověření loga,Úspěšný
29-04-2025 14:42:30,Test odkazu: Počítače,Neúspěšný
29-04-2025 14:42:50,Test odkazu: Mobily,Neúspěšný
29-04-2025 14:42:57,Test odkazu: Věda a technika,Úspěšný
29-04-2025 14:43:18,Test odkazu: Hry,Neúspěšný
29-04-2025 14:43:23,Test odkazu: Filmy a AV,Úspěšný
29-04-2025 14:43:25,Otevření článku,Úspěšný
29-04-2025 14:43:26,Vyhledávání,Neúspěšný
29-04-2025 14:49:39,Ověření názvu stránky,Úspěšný
29-04-2025 14:49:39,Ověření loga,Úspěšný
29-04-2025 14:50:00,Test odkazu: Počítače,Neúspěšný
29-04-2025 14:50:20,Test odkazu: Mobily,Neúspěšný
29-04-2025 14:50:40,Test odkazu: Věda a technika,Neúspěšný
29-04-2025 14:51:01,Test odkazu: Hry,Neúspěšný
29-04-2025 14:51:21,Test odkazu: Filmy a AV,Neúspěšný
29-04-2025 14:51:33,Otevření článku,Úspěšný
29-04-2025 14:51:34,Vyhledávání,Neúspěšný
29-04-2025 15:04:31,Ověření názvu stránky,Úspěšný
29-04-2025 15:04:31,Ověření loga,Úspěšný
29-04-2025 15:04:52,Test odkazu: Živě.cz,Neúspěšný
29-04-2025 15:04:57,Test odkazu: Počítače,Úspěšný
29-04-2025 15:05:01,Test odkazu: Mobily,Úspěšný
29-04-2025 15:05:07,Test odkazu: Věda a technika,Úspěšný
29-04-2025 15:05:27,Test odkazu: Hry,Neúspěšný
29-04-2025 15:05:48,Test odkazu: Filmy a AV,Neúspěšný
29-04-2025 15:05:50,Otevření článku,Úspěšný
29-04-2025 15:05:51,Vyhledávání,Neúspěšný
29-04-2025 15:07:52,Ověření názvu stránky,Úspěšný
29-04-2025 15:07:52,Ověření loga,Úspěšný
29-04-2025 15:08:13,Test odkazu: Živě.cz,Neúspěšný
29-04-2025 15:08:33,Test odkazu: Počítače,Neúspěšný
29-04-2025 15:08:54,Test odkazu: Mobily,Neúspěšný
29-04-2025 15:08:58,Test odkazu: Věda a technika,Úspěšný
29-04-2025 15:09:02,Test odkazu: Hry,Úspěšný
29-04-2025 15:09:22,Test odkazu: Filmy a AV,Neúspěšný
29-04-2025 15:09:24,Otevření článku,Úspěšný
29-04-2025 15:09:25,Vyhledávání,Neúspěšný
29-04-2025 15:16:35,Ověření názvu stránky,Úspěšný
29-04-2025 15:16:35,Ověření loga,Úspěšný
29-04-2025 15:16:55,Test hlavního menu,Neúspěšný
29-04-2025 15:16:58,Otevření článku,Úspěšný
29-04-2025 15:16:59,Vyhledávání,Neúspěšný
29-04-2025 15:26:29,Ověření názvu stránky,Úspěšný
29-04-2025 15:26:29,Ověření loga,Úspěšný
29-04-2025 15:26:50,Test odkazu: Živě.cz,Neúspěšný
29-04-2025 15:27:10,Test odkazu: Počítače,Neúspěšný
29-04-2025 15:27:18,Test odkazu: Mobily,Úspěšný
29-04-2025 15:27:39,Test odkazu: Věda a technika,Neúspěšný
29-04-2025 15:27:44,Test odkazu: Hry,Úspěšný
29-04-2025 15:27:49,Test odkazu: Filmy a AV,Úspěšný
29-04-2025 15:28:09,Otevření článku,Úspěšný
29-04-2025 15:28:10,Vyhledávání,Neúspěšný
29-04-2025 15:33:15,Ověření názvu stránky,Úspěšný
29-04-2025 15:33:15,Ověření loga,Úspěšný
29-04-2025 15:33:35,Test odkazu: Živě.cz,Neuspesny
29-04-2025 15:33:56,Test odkazu: Počítače,Neuspesny
29-04-2025 15:34:03,Test odkazu: Mobily,Uspesny
29-04-2025 15:34:23,Test odkazu: Věda a technika,Neuspesny
29-04-2025 15:34:29,Test odkazu: Hry,Uspesny
29-04-2025 15:34:49,Test odkazu: Filmy a AV,Neuspesny
29-04-2025 15:34:51,Otevření článku,Úspěšný
29-04-2025 15:34:52,Vyhledávání,Neúspěšný
29-04-2025 15:38:26,Ověření názvu stránky,Úspěšný
29-04-2025 15:38:26,Ověření loga,Úspěšný
29-04-2025 15:38:46,Test odkazu: Živě.cz,Neuspesny
29-04-2025 15:39:07,Test odkazu: Počítače,Neuspesny
29-04-2025 15:39:13,Test odkazu: Mobily,Uspesny
29-04-2025 15:39:18,Test odkazu: Věda a technika,Uspesny
29-04-2025 15:39:39,Test odkazu: Hry,Neuspesny
29-04-2025 15:39:44,Test odkazu: Filmy a AV,Uspesny
29-04-2025 15:39:46,Otevření článku,Úspěšný
29-04-2025 15:39:47,Vyhledávání,Neúspěšný
29-04-2025 15:41:03,Ověření názvu stránky,Úspěšný
29-04-2025 15:41:03,Ověření loga,Úspěšný
29-04-2025 15:41:24,Test odkazu: Živě.cz,Neuspesny
29-04-2025 15:41:28,Test odkazu: Počítače,Uspesny
29-04-2025 15:41:33,Test odkazu: Mobily,Uspesny
29-04-2025 15:41:54,Test odkazu: Věda a technika,Neuspesny
29-04-2025 15:42:00,Test odkazu: Hry,Uspesny
29-04-2025 15:42:21,Test odkazu: Filmy a AV,Neuspesny
29-04-2025 15:42:24,Otevření článku,Úspěšný
29-04-2025 15:42:25,Vyhledávání,Neúspěšný
29-04-2025 15:51:31,Ověření názvu stránky,Úspěšný
29-04-2025 15:51:31,Ověření loga,Úspěšný
29-04-2025 15:51:52,Test odkazu: Živě.cz,Neuspesny
29-04-2025 15:51:56,Test odkazu: Počítače,Uspesny
29-04-2025 15:52:00,Test odkazu: Mobily,Uspesny
29-04-2025 15:52:21,Test odkazu: Věda a technika,Neuspesny
29-04-2025 15:52:42,Test odkazu: Hry,Neuspesny
29-04-2025 15:52:49,Test odkazu: Filmy a AV,Uspesny
29-04-2025 15:52:51,Otevření článku,Úspěšný
29-04-2025 15:52:52,Vyhledávání,Neúspěšný
29-04-2025 15:56:05,Ověření názvu stránky,Úspěšný
29-04-2025 15:56:05,Ověření loga,Úspěšný
29-04-2025 15:56:25,Test odkazu: Počítače,Neuspesny
29-04-2025 15:56:46,Test odkazu: Mobily,Neuspesny
29-04-2025 15:56:53,Test odkazu: Hry,Uspesny
29-04-2025 15:56:55,Otevření článku,Úspěšný
29-04-2025 15:56:56,Vyhledávání,Neúspěšný
29-04-2025 15:58:53,Ověření názvu stránky,Úspěšný
29-04-2025 15:58:53,Ověření loga,Úspěšný
29-04-2025 15:59:13,Test odkazu: Živě.cz,Neuspesny
29-04-2025 15:59:33,Test odkazu: Počítače,Neuspesny
29-04-2025 15:59:54,Test odkazu: Mobily,Neuspesny
29-04-2025 16:00:14,Test odkazu: Věda a technika,Neuspesny
29-04-2025 16:00:35,Test odkazu: Hry,Neuspesny
29-04-2025 16:00:55,Test odkazu: Filmy a AV,Neuspesny
29-04-2025 16:02:21,Ověření názvu stránky,Úspěšný
29-04-2025 16:02:22,Ověření loga,Úspěšný
29-04-2025 16:02:42,Test odkazu: Živě.cz,Neuspesny
29-04-2025 16:03:03,Test odkazu: Počítače,Neuspesny
29-04-2025 16:03:08,Test odkazu: Mobily,Uspesny
29-04-2025 16:03:12,Test odkazu: Věda a technika,Uspesny
29-04-2025 16:03:33,Test odkazu: Hry,Neuspesny
29-04-2025 16:03:47,Test odkazu: Filmy a AV,Uspesny
29-04-2025 16:03:49,Otevření článku,Úspěšný
29-04-2025 16:03:50,Vyhledávání,Neúspěšný
29-04-2025 16:13:41,Ověření názvu stránky,Úspěšný
29-04-2025 16:13:41,Ověření loga,Úspěšný
29-04-2025 16:14:01,Test odkazu: Živě.cz,Neuspesny
29-04-2025 16:14:11,Test odkazu: Počítače,Uspesny
29-04-2025 16:14:32,Test odkazu: Mobily,Neuspesny
29-04-2025 16:14:36,Test odkazu: Věda a technika,Uspesny
29-04-2025 16:14:57,Test odkazu: Hry,Neuspesny
29-04-2025 16:15:18,Test odkazu: Filmy a AV,Neuspesny
29-04-2025 16:15:20,Otevření článku,Úspěšný
29-04-2025 16:15:21,Vyhledávání,Neúspěšný
29-04-2025 16:37:56,Ověření názvu stránky,Úspěšný
29-04-2025 16:37:56,Ověření loga,Úspěšný
29-04-2025 16:38:17,Test odkazu: Živě.cz,Neuspesny
29-04-2025 16:38:22,Test odkazu: Počítače,Uspesny
29-04-2025 16:38:27,Test odkazu: Mobily,Uspesny
29-04-2025 16:38:31,Test odkazu: Věda a technika,Uspesny
29-04-2025 16:38:52,Test odkazu: Hry,Neuspesny
29-04-2025 16:38:57,Test odkazu: Filmy a AV,Uspesny
29-04-2025 16:38:59,Otevření článku,Úspěšný
29-04-2025 16:38:59,Vyhledávání,Neúspěšný
29-04-2025 16:48:46,Ověření názvu stránky,Úspěšný
29-04-2025 16:48:46,Ověření loga,Úspěšný
29-04-2025 16:49:07,Test odkazu: Živě.cz,Neúspěšný
29-04-2025 16:49:27,Test odkazu: Počítače,Neúspěšný
29-04-2025 16:49:48,Test odkazu: Mobily,Neúspěšný
29-04-2025 16:50:09,Test odkazu: Věda a technika,Neúspěšný
29-04-2025 16:50:29,Test odkazu: Hry,Neúspěšný
29-04-2025 16:50:34,Test odkazu: Filmy a AV,Úspěšný
29-04-2025 16:50:37,Otevření článku,Úspěšný
29-04-2025 16:50:38,Vyhledávání,Neúspěšný
29-04-2025 16:54:18,Ověření názvu stránky,Úspěšný
29-04-2025 16:54:19,Ověření loga,Úspěšný
29-04-2025 16:54:40,Test odkazu: Živě.cz,Neuspesny
29-04-2025 16:55:01,Test odkazu: Počítače,Neuspesny
29-04-2025 16:55:22,Test odkazu: Mobily,Neuspesny
29-04-2025 16:55:27,Test odkazu: Věda a technika,Uspesny
29-04-2025 16:55:48,Test odkazu: Hry,Neuspesny
29-04-2025 16:55:54,Test odkazu: Filmy a AV,Uspesny
29-04-2025 16:55:58,Otevření článku,Úspěšný
29-04-2025 16:55:59,Vyhledávání,Neúspěšný
29-04-2025 16:57:57,Ověření názvu stránky,Úspěšný
29-04-2025 16:57:57,Ověření loga,Úspěšný
29-04-2025 16:58:18,Test odkazu: Živě.cz,Neuspesny
29-04-2025 16:58:39,Test odkazu: Počítače,Neuspesny
29-04-2025 16:59:00,Test odkazu: Mobily,Neuspesny
29-04-2025 16:59:21,Ověření názvu stránky,Úspěšný
29-04-2025 16:59:22,Ověření loga,Úspěšný
29-04-2025 17:00:59,Ověření názvu stránky,Úspěšný
29-04-2025 17:00:59,Ověření loga,Úspěšný
29-04-2025 17:01:20,Test odkazu: Živě.cz,Neuspesny
29-04-2025 17:01:41,Test odkazu: Počítače,Neuspesny
29-04-2025 17:02:01,Test odkazu: Mobily,Neuspesny
29-04-2025 17:02:22,Test odkazu: Věda a technika,Neuspesny
29-04-2025 17:02:43,Test odkazu: Hry,Neuspesny
29-04-2025 17:03:03,Test odkazu: Filmy a AV,Neuspesny
29-04-2025 17:03:13,Otevření článku,Úspěšný
29-04-2025 17:03:15,Vyhledávání,Neúspěšný
29-04-2025 17:11:27,Ověření názvu stránky,Úspěšný
29-04-2025 17:11:27,Ověření loga,Úspěšný
29-04-2025 17:11:48,Test odkazu: Živě.cz,Neuspesny
29-04-2025 17:12:09,Test odkazu: Počítače,Neuspesny
29-04-2025 17:12:30,Test odkazu: Mobily,Neuspesny
29-04-2025 17:12:51,Test odkazu: Věda a technika,Neuspesny
29-04-2025 17:14:18,Ověření názvu stránky,Úspěšný
29-04-2025 17:14:18,Ověření loga,Úspěšný
29-04-2025 17:14:39,Test odkazu: Živě.cz,Neuspesny
29-04-2025 17:16:21,Ověření názvu stránky,Úspěšný
29-04-2025 17:16:21,Ověření loga,Úspěšný
29-04-2025 17:16:42,Test odkazu: Živě.cz,Neuspesny
29-04-2025 17:17:03,Test odkazu: Počítače,Neuspesny
29-04-2025 17:17:17,Ověření názvu stránky,Úspěšný
29-04-2025 17:17:18,Ověření loga,Úspěšný
29-04-2025 17:18:07,Ověření názvu stránky,Úspěšný
29-04-2025 17:18:07,Ověření loga,Úspěšný
29-04-2025 17:19:27,Ověření názvu stránky,Úspěšný
29-04-2025 17:19:27,Ověření loga,Úspěšný
29-04-2025 17:19:48,Test odkazu: Živě.cz,Neuspesny
29-04-2025 17:21:11,Ověření názvu stránky,Úspěšný
29-04-2025 17:21:11,Ověření loga,Úspěšný
29-04-2025 17:21:32,Test odkazu: Živě.cz,Neuspesny
29-04-2025 17:21:52,Test odkazu: Počítače,Neuspesny
29-04-2025 17:21:59,Test odkazu: Mobily,Uspesny
29-04-2025 17:22:20,Test odkazu: Věda a technika,Neuspesny
29-04-2025 17:22:40,Test odkazu: Hry,Neuspesny
29-04-2025 17:22:46,Test odkazu: Filmy a AV,Uspesny
29-04-2025 17:22:50,Otevření článku,Úspěšný
29-04-2025 17:22:51,Vyhledávání,Neúspěšný
04-05-2025 18:49:42,Ověření názvu stránky,Úspěšný
04-05-2025 18:49:42,Ověření loga,Úspěšný
04-05-2025 18:50:04,Test odkazu: Živě.cz,Neuspesny
04-05-2025 18:50:25,Test odkazu: Počítače,Neuspesny
04-05-2025 18:50:46,Test odkazu: Mobily,Neuspesny
04-05-2025 18:51:07,Test odkazu: Věda a technika,Neuspesny
04-05-2025 18:51:28,Test odkazu: Hry,Neuspesny
04-05-2025 18:51:49,Test odkazu: Filmy a AV,Neuspesny
04-05-2025 18:51:52,Otevření článku,Úspěšný
04-05-2025 18:51:53,Vyhledávání,Neúspěšný
04-05-2025 19:02:19,Ověření názvu stránky,Úspěšný
04-05-2025 19:02:19,Ověření loga,Úspěšný
04-05-2025 19:02:40,Test odkazu: Živě.cz,Neuspesny
04-05-2025 19:03:01,Test odkazu: Počítače,Neuspesny
04-05-2025 19:15:10,Ověření názvu stránky,Úspěšný
04-05-2025 19:15:10,Ověření loga,Úspěšný
04-05-2025 19:15:30,Test odkazu: Živě.cz,Neuspesny
04-05-2025 19:15:47,Test odkazu: Počítače,Uspesny
04-05-2025 19:16:08,Test odkazu: Mobily,Neuspesny
04-05-2025 19:16:29,Test odkazu: Věda a technika,Neuspesny
04-05-2025 19:16:50,Test odkazu: Hry,Neuspesny
04-05-2025 19:17:11,Test odkazu: Filmy a AV,Neuspesny
04-05-2025 19:17:14,Otevření článku,Úspěšný
04-05-2025 19:17:14,Vyhledávání,Neúspěšný
04-05-2025 19:37:50,Ověření názvu stránky,Úspěšný
04-05-2025 19:37:51,Ověření loga,Úspěšný
04-05-2025 19:38:11,Test odkazu: Živě.cz,Neúspěšný
04-05-2025 19:38:32,Test odkazu: Počítače,Neúspěšný
04-05-2025 19:38:53,Test odkazu: Mobily,Neúspěšný
04-05-2025 19:39:14,Test odkazu: Věda a technika,Neúspěšný
04-05-2025 19:39:35,Test odkazu: Hry,Neúspěšný
04-05-2025 19:39:56,Test odkazu: Filmy a AV,Neúspěšný
04-05-2025 19:39:59,Otevření článku,Úspěšný
04-05-2025 19:40:01,Vyhledávání,Neúspěšný
04-05-2025 20:01:15,Ověření názvu stránky,Úspěšný
04-05-2025 20:01:16,Ověření loga,Úspěšný
04-05-2025 20:01:36,Test odkazu: Živě.cz,Neúspěšný
04-05-2025 20:01:39,Otevření článku,Úspěšný
04-05-2025 20:01:40,Vyhledávání,Neúspěšný
04-05-2025 20:02:01,Ověření názvu stránky,Úspěšný
04-05-2025 20:02:01,Ověření loga,Úspěšný
04-05-2025 20:02:22,Test odkazu: Počítače,Neúspěšný
04-05-2025 20:02:25,Otevření článku,Úspěšný
04-05-2025 20:02:26,Vyhledávání,Neúspěšný
04-05-2025 20:09:28,Ověření názvu stránky,Úspěšný
04-05-2025 20:09:28,Ověření loga,Úspěšný
04-05-2025 20:09:49,Test odkazu: Živě.cz,Neúspěšný
04-05-2025 20:09:52,Test odkazu: Počítače,Úspěšný
04-05-2025 20:10:13,Test odkazu: Mobily,Neúspěšný
04-05-2025 20:10:18,Test odkazu: Věda a technika,Úspěšný
04-05-2025 20:10:39,Test odkazu: Hry,Neúspěšný
04-05-2025 20:10:47,Test odkazu: Filmy a AV,Úspěšný
04-05-2025 20:10:49,Otevření článku,Úspěšný
04-05-2025 20:10:50,Vyhledávání,Neúspěšný
04-05-2025 20:11:56,Ověření názvu stránky,Úspěšný
04-05-2025 20:11:56,Ověření loga,Úspěšný
04-05-2025 20:12:16,Test odkazu: Živě.cz,Neúspěšný
04-05-2025 20:12:37,Test odkazu: Počítače,Neúspěšný
04-05-2025 20:12:57,Test odkazu: Mobily,Neúspěšný
04-05-2025 20:13:18,Test odkazu: Věda a technika,Neúspěšný
04-05-2025 20:13:24,Test odkazu: Hry,Úspěšný
04-05-2025 20:13:45,Test odkazu: Filmy a AV,Neúspěšný
04-05-2025 20:13:46,Otevření článku,Úspěšný
04-05-2025 20:13:47,Vyhledávání,Neúspěšný
04-05-2025 20:17:40,Ověření názvu stránky,Úspěšný
04-05-2025 20:17:40,Ověření loga,Úspěšný
04-05-2025 20:18:15,Ověření názvu stránky,Úspěšný
04-05-2025 20:18:15,Ověření loga,Úspěšný
04-05-2025 20:19:00,Ověření názvu stránky,Úspěšný
04-05-2025 20:19:00,Ověření loga,Úspěšný
04-05-2025 20:26:20,Ověření názvu stránky,Úspěšný
04-05-2025 20:26:20,Ověření loga,Úspěšný
04-05-2025 20:26:40,Test odkazu: Pocitace,Neuspesny
04-05-2025 20:27:01,Test odkazu: Mobily,Neuspesny
04-05-2025 20:27:07,Test odkazu: Veda a technika,Neuspesny
04-05-2025 20:27:11,Test odkazu: Hry,Uspesny
04-05-2025 20:28:57,Ověření názvu stránky,Úspěšný
04-05-2025 20:28:57,Ověření loga,Úspěšný
04-05-2025 20:28:58,Ověření názvu stránky,Úspěšný
04-05-2025 20:28:59,Ověření loga,Úspěšný
04-05-2025 20:29:10,Ověření názvu stránky,Úspěšný
04-05-2025 20:29:10,Ověření loga,Úspěšný
04-05-2025 20:29:30,Test odkazu: Živě.cz,Neúspěšný
04-05-2025 20:29:35,Test odkazu: Počítače,Úspěšný
04-05-2025 20:29:56,Test odkazu: Mobily,Neúspěšný
04-05-2025 20:30:17,Test odkazu: Věda a technika,Neúspěšný
04-05-2025 20:30:22,Test odkazu: Hry,Úspěšný
04-05-2025 20:30:26,Test odkazu: Filmy a AV,Úspěšný
04-05-2025 20:30:28,Otevření článku,Úspěšný
04-05-2025 20:30:29,Vyhledávání,Neúspěšný
04-05-2025 20:35:02,Ověření názvu stránky,Úspěšný
04-05-2025 20:35:02,Ověření loga,Úspěšný
04-05-2025 20:35:23,Test odkazu: Živě.cz,Neúspěšný
04-05-2025 20:35:28,Test odkazu: Počítače,Úspěšný
04-05-2025 20:35:49,Test odkazu: Mobily,Neúspěšný
04-05-2025 20:35:55,Test odkazu: Věda a technika,Úspěšný
04-05-2025 20:35:59,Test odkazu: Hry,Úspěšný
04-05-2025 20:36:04,Test odkazu: Filmy a AV,Úspěšný
04-05-2025 20:36:05,Otevření článku,Úspěšný
04-05-2025 20:36:06,Vyhledávání,Neúspěšný
04-05-2025 20:37:12,Ověření názvu stránky,Úspěšný
04-05-2025 20:37:13,Ověření loga,Úspěšný
04-05-2025 20:37:33,Test odkazu: Mobily,Neúspěšný
04-05-2025 20:37:35,Otevření článku,Úspěšný
04-05-2025 20:37:36,Vyhledávání,Neúspěšný
04-05-2025 20:38:20,Ověření názvu stránky,Úspěšný
04-05-2025 20:38:20,Ověření loga,Úspěšný
04-05-2025 20:38:40,Test odkazu: Živě.cz,Neúspěšný
04-05-2025 20:39:01,Test odkazu: Počítače,Neúspěšný
04-05-2025 20:39:06,Test odkazu: Mobily,Úspěšný
04-05-2025 20:39:10,Test odkazu: Věda a technika,Úspěšný
04-05-2025 20:39:31,Test odkazu: Hry,Neúspěšný
04-05-2025 20:39:36,Test odkazu: Filmy a AV,Úspěšný
04-05-2025 20:39:38,Otevření článku,Úspěšný
04-05-2025 20:39:38,Vyhledávání,Neúspěšný
05-05-2025 17:34:22,Ověření názvu stránky,Úspěšný
05-05-2025 17:34:23,Ověření loga,Úspěšný
05-05-2025 17:34:43,Test odkazu: Živě.cz,Neúspěšný
05-05-2025 17:34:48,Test odkazu: Počítače,Úspěšný
05-05-2025 17:35:09,Test odkazu: Mobily,Neúspěšný
05-05-2025 17:35:29,Test odkazu: Věda a technika,Neúspěšný
05-05-2025 17:35:34,Test odkazu: Hry,Úspěšný
05-05-2025 17:35:39,Test odkazu: Filmy a AV,Úspěšný
05-05-2025 17:35:40,Otevření článku,Úspěšný
05-05-2025 17:36:43,Ověření názvu stránky,Úspěšný
05-05-2025 17:36:43,Ověření loga,Úspěšný
05-05-2025 17:37:04,Test odkazu: Živě.cz,Neúspěšný
05-05-2025 17:37:25,Test odkazu: Počítače,Neúspěšný
05-05-2025 17:37:30,Test odkazu: Mobily,Úspěšný
05-05-2025 17:37:34,Test odkazu: Věda a technika,Úspěšný
05-05-2025 17:37:55,Test odkazu: Hry,Neúspěšný
05-05-2025 17:38:16,Test odkazu: Filmy a AV,Neúspěšný
05-05-2025 17:38:17,Otevření článku,Úspěšný
05-05-2025 17:53:20,Ověření názvu stránky,Úspěšný
05-05-2025 17:53:21,Ověření loga,Úspěšný
05-05-2025 17:53:42,Test odkazu: Živě.cz,Neúspěšný
05-05-2025 17:54:03,Test odkazu: Počítače,Neúspěšný
05-05-2025 17:54:09,Test odkazu: Mobily,Úspěšný
05-05-2025 17:54:30,Test odkazu: Věda a technika,Neúspěšný
05-05-2025 17:54:52,Test odkazu: Hry,Neúspěšný
05-05-2025 17:54:58,Test odkazu: Filmy a AV,Úspěšný
05-05-2025 17:54:59,Otevření článku,Úspěšný
05-05-2025 18:09:47,Ověření názvu stránky,Úspěšný
05-05-2025 18:09:47,Ověření loga,Úspěšný
05-05-2025 18:10:08,Test odkazu: Živě.cz,Neúspěšný
05-05-2025 18:10:16,Test odkazu: Počítače,Úspěšný
05-05-2025 18:10:20,Test odkazu: Mobily,Úspěšný
05-05-2025 18:10:25,Test odkazu: Věda a technika,Úspěšný
05-05-2025 18:10:46,Test odkazu: Hry,Neúspěšný
05-05-2025 18:11:07,Test odkazu: Filmy a AV,Neúspěšný
05-05-2025 18:11:09,Otevření článku,Úspěšný
05-05-2025 18:12:11,Ověření názvu stránky,Úspěšný
05-05-2025 18:12:12,Ověření loga,Úspěšný
05-05-2025 18:12:33,Test odkazu: Živě.cz,Neúspěšný
05-05-2025 18:17:07,Ověření názvu stránky,Úspěšný
05-05-2025 18:17:07,Ověření loga,Úspěšný
05-05-2025 18:17:19,Test odkazu: Živě.cz,Neúspěšný
05-05-2025 18:17:30,Test odkazu: Počítače,Neúspěšný
05-05-2025 18:17:41,Test odkazu: Mobily,Neúspěšný
05-05-2025 18:17:52,Test odkazu: Věda a technika,Neúspěšný
05-05-2025 18:17:57,Test odkazu: Hry,Neúspěšný
05-05-2025 18:18:08,Test odkazu: Filmy a AV,Neúspěšný
05-05-2025 18:18:10,Otevření článku,Úspěšný
05-05-2025 18:18:45,Ověření názvu stránky,Úspěšný
05-05-2025 18:18:46,Ověření loga,Úspěšný
05-05-2025 18:18:57,Test odkazu: Živě.cz,Neúspěšný
05-05-2025 18:19:08,Test odkazu: Počítače,Neúspěšný
05-05-2025 18:19:19,Test odkazu: Mobily,Neúspěšný
05-05-2025 18:19:30,Test odkazu: Věda a technika,Neúspěšný
05-05-2025 18:19:34,Test odkazu: Hry,Neúspěšný
05-05-2025 18:19:40,Test odkazu: Filmy a AV,Úspěšný
05-05-2025 18:19:42,Otevření článku,Úspěšný
05-05-2025 18:23:19,Ověření názvu stránky,Úspěšný
05-05-2025 18:23:19,Ověření loga,Úspěšný
05-05-2025 18:23:40,Test odkazu: Živě.cz,Neúspěšný
05-05-2025 18:23:46,Test odkazu: Počítače,Úspěšný
05-05-2025 18:25:26,Ověření názvu stránky,Úspěšný
05-05-2025 18:25:26,Ověření loga,Úspěšný
05-05-2025 18:25:38,Test odkazu: Živě.cz,Neúspěšný
05-05-2025 18:25:43,Test odkazu: Počítače,Úspěšný
05-05-2025 18:25:55,Test odkazu: Mobily,Neúspěšný
05-05-2025 18:26:06,Test odkazu: Věda a technika,Neúspěšný
05-05-2025 18:26:17,Test odkazu: Hry,Neúspěšný
05-05-2025 18:26:26,Test odkazu: Filmy a AV,Úspěšný
05-05-2025 18:26:28,Otevření článku,Úspěšný
05-05-2025 18:27:55,Ověření názvu stránky,Úspěšný
05-05-2025 18:27:55,Ověření loga,Úspěšný
05-05-2025 18:28:06,Test odkazu: Živě.cz,Neúspěšný
05-05-2025 18:28:17,Test odkazu: Počítače,Neúspěšný
05-05-2025 18:28:28,Test odkazu: Mobily,Neúspěšný
05-05-2025 18:28:40,Test odkazu: Věda a technika,Neúspěšný
05-05-2025 18:28:51,Test odkazu: Hry,Neúspěšný
05-05-2025 18:28:57,Test odkazu: Filmy a AV,Úspěšný
05-05-2025 18:28:58,Otevření článku,Úspěšný
05-05-2025 18:30:10,Ověření názvu stránky,Úspěšný
05-05-2025 18:30:11,Ověření loga,Úspěšný
05-05-2025 18:30:22,Test odkazu: Živě.cz,Neúspěšný
05-05-2025 18:30:33,Test odkazu: Počítače,Neúspěšný
05-05-2025 18:30:44,Test odkazu: Mobily,Neúspěšný
05-05-2025 18:30:55,Test odkazu: Věda a technika,Neúspěšný
05-05-2025 18:31:07,Test odkazu: Hry,Neúspěšný
05-05-2025 18:31:17,Test odkazu: Filmy a AV,Neúspěšný
05-05-2025 18:31:19,Otevření článku,Úspěšný
05-05-2025 18:33:02,Ověření názvu stránky,Úspěšný
05-05-2025 18:33:02,Ověření loga,Úspěšný
05-05-2025 18:33:23,Test odkazu: Živě.cz,Neúspěšný
05-05-2025 18:33:31,Test odkazu: Počítače,Neúspěšný
05-05-2025 18:33:52,Test odkazu: Mobily,Neúspěšný
05-05-2025 18:34:13,Test odkazu: Věda a technika,Neúspěšný
05-05-2025 18:34:17,Test odkazu: Hry,Neúspěšný
05-05-2025 18:39:18,Ověření názvu stránky,Úspěšný
05-05-2025 18:39:18,Ověření loga,Úspěšný
05-05-2025 18:39:39,Test odkazu: Živě.cz,Neúspěšný
05-05-2025 18:39:45,Test odkazu: Počítače,Úspěšný
05-05-2025 18:39:50,Test odkazu: Mobily,Úspěšný
05-05-2025 18:39:55,Test odkazu: Věda a technika,Úspěšný
05-05-2025 18:40:17,Test odkazu: Hry,Neúspěšný
05-05-2025 18:40:38,Test odkazu: Filmy a AV,Neúspěšný
05-05-2025 18:40:39,Otevření článku,Úspěšný
05-05-2025 18:41:59,Ověření názvu stránky,Úspěšný
05-05-2025 18:41:59,Ověření loga,Úspěšný
05-05-2025 18:42:21,Test odkazu: Živě.cz,Neúspěšný
05-05-2025 18:42:28,Test odkazu: Počítače,Úspěšný
05-05-2025 18:42:34,Test odkazu: Mobily,Úspěšný
05-05-2025 18:42:55,Test odkazu: Věda a technika,Neúspěšný
05-05-2025 18:43:16,Test odkazu: Hry,Neúspěšný
05-05-2025 18:43:37,Test odkazu: Filmy a AV,Neúspěšný
05-05-2025 18:43:39,Otevření článku,Úspěšný
05-05-2025 18:53:02,Ověření názvu stránky,Úspěšný
05-05-2025 18:53:02,Ověření loga,Úspěšný
05-05-2025 18:53:07,Test odkazu: Počítače,Úspěšný
05-05-2025 18:53:29,Test odkazu: Mobily,Neúspěšný
05-05-2025 18:53:50,Test odkazu: Věda a technika,Neúspěšný
05-05-2025 18:53:55,Test odkazu: Hry,Úspěšný
05-05-2025 18:54:17,Test odkazu: Filmy a AV,Neúspěšný
05-05-2025 18:54:19,Otevření článku,Úspěšný
05-05-2025 18:54:48,Ověření názvu stránky,Úspěšný
05-05-2025 18:54:48,Ověření loga,Úspěšný
05-05-2025 18:55:09,Test odkazu: Živě.cz,Neúspěšný
05-05-2025 18:55:31,Test odkazu: Počítače,Neúspěšný
05-05-2025 18:55:36,Test odkazu: Mobily,Úspěšný
05-05-2025 18:55:41,Test odkazu: Věda a technika,Úspěšný
05-05-2025 18:56:02,Test odkazu: Hry,Neúspěšný
05-05-2025 18:56:14,Test odkazu: Filmy a AV,Úspěšný
05-05-2025 18:56:16,Otevření článku,Úspěšný
05-05-2025 18:58:53,Ověření názvu stránky,Úspěšný
05-05-2025 18:58:53,Ověření loga,Úspěšný
05-05-2025 18:59:14,Test odkazu: Živě.cz,Neúspěšný
05-05-2025 18:59:58,Ověření názvu stránky,Úspěšný
05-05-2025 18:59:58,Ověření loga,Úspěšný
05-05-2025 19:00:19,Test odkazu: Živě.cz,Neúspěšný
05-05-2025 19:01:00,Ověření názvu stránky,Úspěšný
05-05-2025 19:01:01,Ověření loga,Úspěšný
05-05-2025 19:01:22,Test odkazu: Živě.cz,Neúspěšný
05-05-2025 19:01:29,Test odkazu: Počítače,Úspěšný
05-05-2025 19:01:50,Test odkazu: Mobily,Neúspěšný
05-05-2025 19:02:12,Test odkazu: Věda a technika,Neúspěšný
05-05-2025 19:02:33,Test odkazu: Hry,Neúspěšný
05-05-2025 19:02:39,Test odkazu: Filmy a AV,Úspěšný
05-05-2025 19:02:41,Otevření článku,Úspěšný
05-05-2025 19:02:57,Ověření názvu stránky,Úspěšný
05-05-2025 19:02:58,Ověření loga,Úspěšný
05-05-2025 19:03:19,Test odkazu: Živě.cz,Neúspěšný
05-05-2025 19:03:40,Test odkazu: Počítače,Neúspěšný
05-05-2025 19:03:47,Test odkazu: Mobily,Úspěšný
05-05-2025 19:03:52,Test odkazu: Věda a technika,Úspěšný
05-05-2025 19:03:58,Test odkazu: Hry,Úspěšný
05-05-2025 19:04:19,Test odkazu: Filmy a AV,Neúspěšný
05-05-2025 19:04:21,Otevření článku,Úspěšný
05-05-2025 19:11:54,Ověření názvu stránky,Úspěšný
05-05-2025 19:11:54,Ověření loga,Úspěšný
05-05-2025 19:12:00,Test odkazu: Živě.cz,Úspěšný
05-05-2025 19:12:06,Test odkazu: Počítače,Úspěšný
05-05-2025 19:12:27,Test odkazu: Mobily,Neúspěšný
05-05-2025 19:12:32,Test odkazu: Věda a technika,Úspěšný
05-05-2025 19:12:53,Test odkazu: Hry,Neúspěšný
05-05-2025 19:12:59,Test odkazu: Filmy a AV,Úspěšný
05-05-2025 19:13:01,Otevření článku,Úspěšný
05-05-2025 19:15:10,Ověření názvu stránky,Úspěšný
05-05-2025 19:15:10,Ověření loga,Úspěšný
05-05-2025 19:15:31,Test odkazu: Živě.cz,Neúspěšný
05-05-2025 19:15:36,Test odkazu: Počítače,Úspěšný
05-05-2025 19:15:57,Test odkazu: Mobily,Neúspěšný
05-05-2025 19:16:03,Test odkazu: Věda a technika,Úspěšný
05-05-2025 19:16:24,Test odkazu: Hry,Neúspěšný
05-05-2025 19:16:30,Test odkazu: Filmy a AV,Úspěšný
05-05-2025 19:16:32,Otevření článku,Úspěšný
05-05-2025 19:17:08,Ověření názvu stránky,Úspěšný
05-05-2025 19:17:08,Ověření loga,Úspěšný
05-05-2025 19:17:29,Test odkazu: Živě.cz,Neúspěšný
05-05-2025 19:17:36,Test odkazu: Počítače,Úspěšný
05-05-2025 19:17:42,Test odkazu: Mobily,Úspěšný
05-05-2025 19:17:47,Test odkazu: Věda a technika,Úspěšný
05-05-2025 19:18:09,Ověření názvu stránky,Úspěšný
05-05-2025 19:18:09,Ověření loga,Úspěšný
05-05-2025 19:35:49,Ověření názvu stránky,Úspěšný
05-05-2025 19:35:49,Ověření loga,Úspěšný
05-05-2025 19:36:11,Test odkazu: Živě.cz,Neúspěšný
05-05-2025 19:36:15,Test odkazu: Počítače,Úspěšný
05-05-2025 19:36:36,Test odkazu: Mobily,Neúspěšný
05-05-2025 19:36:40,Test odkazu: Věda a technika,Úspěšný
05-05-2025 19:36:46,Test odkazu: Hry,Úspěšný
05-05-2025 19:37:07,Test odkazu: Filmy a AV,Neúspěšný
05-05-2025 19:37:09,Otevření článku,Úspěšný
05-05-2025 19:38:04,Ověření názvu stránky,Úspěšný
05-05-2025 19:38:04,Ověření loga,Úspěšný
05-05-2025 19:39:52,Ověření názvu stránky,Úspěšný
05-05-2025 19:39:52,Ověření loga,Úspěšný
05-05-2025 19:40:13,Test odkazu: Živě.cz,Neúspěšný
05-05-2025 19:40:20,Test odkazu: Počítače,Úspěšný
05-05-2025 19:40:26,Test odkazu: Mobily,Úspěšný
05-05-2025 19:40:31,Test odkazu: Věda a technika,Úspěšný
05-05-2025 19:40:52,Test odkazu: Hry,Neúspěšný
05-05-2025 19:40:57,Test odkazu: Filmy a AV,Úspěšný
05-05-2025 19:40:59,Otevření článku,Úspěšný
05-05-2025 19:47:40,Ověření názvu stránky,Úspěšný
05-05-2025 19:47:40,Ověření loga,Úspěšný
05-05-2025 19:48:02,Test odkazu: Živě.cz,Neúspěšný
05-05-2025 19:48:09,Test odkazu: Počítače,Úspěšný
05-05-2025 19:48:14,Test odkazu: Mobily,Úspěšný
05-05-2025 19:48:35,Test odkazu: Věda a technika,Neúspěšný
05-05-2025 19:48:56,Test odkazu: Hry,Neúspěšný
05-05-2025 19:49:06,Ověření názvu stránky,Úspěšný
05-05-2025 19:49:06,Ověření loga,Úspěšný
05-05-2025 19:49:28,Test odkazu: Živě.cz,Neúspěšný
05-05-2025 19:49:33,Test odkazu: Počítače,Úspěšný
05-05-2025 19:49:54,Test odkazu: Mobily,Neúspěšný
05-05-2025 19:50:00,Test odkazu: Věda a technika,Úspěšný
05-05-2025 19:50:05,Test odkazu: Hry,Úspěšný
05-05-2025 19:50:10,Test odkazu: Filmy a AV,Úspěšný
05-05-2025 19:50:12,Otevření článku,Úspěšný
05-05-2025 19:56:57,Ověření názvu stránky,Úspěšný
05-05-2025 19:56:58,Ověření loga,Úspěšný
05-05-2025 19:57:19,Test odkazu: Živě.cz,Neúspěšný
05-05-2025 19:58:54,Ověření názvu stránky,Úspěšný
05-05-2025 19:58:54,Ověření loga,Úspěšný
05-05-2025 19:59:15,Test odkazu: Živě.cz,Neúspěšný
05-05-2025 19:59:22,Test odkazu: Počítače,Úspěšný
05-05-2025 19:59:28,Test odkazu: Mobily,Úspěšný
05-05-2025 19:59:49,Test odkazu: Věda a technika,Neúspěšný
05-05-2025 19:59:54,Test odkazu: Hry,Úspěšný
05-05-2025 19:59:59,Test odkazu: Filmy a AV,Úspěšný
05-05-2025 20:00:01,Otevření článku,Úspěšný
05-05-2025 20:13:16,Ověření názvu stránky,Úspěšný
05-05-2025 20:13:16,Ověření loga,Úspěšný
05-05-2025 20:13:38,Test odkazu: Živě.cz,Neúspěšný
05-05-2025 20:20:14,Ověření názvu stránky,Úspěšný
05-05-2025 20:20:15,Ověření loga,Úspěšný
05-05-2025 20:20:36,Test odkazu: Živě.cz,Neúspěšný
05-05-2025 20:20:57,Test odkazu: Počítače,Neúspěšný
05-05-2025 20:21:18,Test odkazu: Mobily,Neúspěšný
05-05-2025 20:21:25,Test odkazu: Věda a technika,Úspěšný
05-05-2025 20:21:46,Test odkazu: Hry,Neúspěšný
05-05-2025 20:21:52,Test odkazu: Filmy a AV,Úspěšný
05-05-2025 20:21:54,Otevření článku,Úspěšný
05-05-2025 20:30:50,Ověření názvu stránky,Úspěšný
05-05-2025 20:30:50,Ověření loga,Úspěšný
05-05-2025 20:31:12,Test odkazu: Živě.cz,Neúspěšný
05-05-2025 20:31:33,Test odkazu: Počítače,Neúspěšný
05-05-2025 20:31:54,Test odkazu: Mobily,Neúspěšný
05-05-2025 20:31:59,Test odkazu: Věda a technika,Úspěšný
05-05-2025 20:32:05,Test odkazu: Hry,Úspěšný
05-05-2025 20:32:26,Test odkazu: Filmy a AV,Neúspěšný
05-05-2025 20:32:28,Otevření článku,Úspěšný
05-05-2025 20:56:47,Ověření názvu stránky,Úspěšný
05-05-2025 20:56:47,Ověření loga,Úspěšný
05-05-2025 20:57:08,Test odkazu: Živě.cz,Neuspesny
05-05-2025 20:57:30,Test odkazu: Počítače,Neuspesny
05-05-2025 20:57:51,Test odkazu: Mobily,Neuspesny
05-05-2025 20:58:12,Test odkazu: Věda a technika,Neuspesny
05-05-2025 20:58:33,Test odkazu: Hry,Neuspesny
05-05-2025 20:58:54,Test odkazu: Filmy a AV,Neuspesny
05-05-2025 20:58:56,Otevření článku,Úspěšný
05-05-2025 21:50:01,Ověření názvu stránky,Úspěšný
05-05-2025 21:50:01,Ověření loga,Úspěšný
05-05-2025 21:50:06,Test odkazu: Zive.cz,Neuspesny
05-05-2025 21:50:08,Test odkazu: Pocitace,Neuspesny
05-05-2025 21:50:13,Test odkazu: Mobily,Uspesny
05-05-2025 21:50:34,Test odkazu: Veda a technika,Neuspesny
05-05-2025 21:50:56,Test odkazu: Hry,Neuspesny
05-05-2025 21:51:00,Test odkazu: Filmy a AV,Uspesny
05-05-2025 21:51:02,Otevření článku,Úspěšný
05-05-2025 22:03:02,Ověření názvu stránky,Úspěšný
05-05-2025 22:03:02,Ověření loga,Úspěšný
05-05-2025 22:03:06,Test odkazu: Zive.cz,Neuspesny
05-05-2025 22:03:09,Test odkazu: Pocitace,Neuspesny
05-05-2025 22:03:14,Test odkazu: Mobily,Uspesny
05-05-2025 22:03:35,Test odkazu: Veda a technika,Neuspesny
05-05-2025 22:03:39,Test odkazu: Hry,Uspesny
05-05-2025 22:03:44,Test odkazu: Filmy a AV,Uspesny
05-05-2025 22:03:46,Otevření článku,Úspěšný
05-05-2025 22:05:01,Ověření názvu stránky,Úspěšný
05-05-2025 22:05:01,Ověření loga,Úspěšný
05-05-2025 22:05:54,Ověření názvu stránky,Úspěšný
05-05-2025 22:05:54,Ověření loga,Úspěšný
05-05-2025 22:05:59,Test odkazu: ŽIVĚ.CZ,Uspesny
05-05-2025 22:06:59,Ověření názvu stránky,Úspěšný
05-05-2025 22:06:59,Ověření loga,Úspěšný
05-05-2025 22:07:04,Test odkazu: ŽIVĚ.CZ,Uspesny
05-05-2025 22:07:26,Test odkazu: POČÍTAČE,Neuspesny
05-05-2025 22:07:31,Test odkazu: MOBILY,Uspesny
05-05-2025 22:07:34,Test odkazu: VĚDA A TECHNIKAa,Neuspesny
05-05-2025 22:08:08,Ověření názvu stránky,Úspěšný
05-05-2025 22:08:09,Ověření loga,Úspěšný
05-05-2025 22:08:30,Test odkazu: ŽIVĚ.CZ,Neuspesny
05-05-2025 22:08:35,Test odkazu: POČÍTAČE,Uspesny
05-05-2025 22:08:39,Test odkazu: MOBILY,Uspesny
05-05-2025 22:08:44,Test odkazu: VĚDA A TECHNIKA,Uspesny
05-05-2025 22:09:05,Test odkazu: HRY,Neuspesny
05-05-2025 22:09:09,Test odkazu: FILMY A AV,Uspesny
05-05-2025 22:09:11,Otevření článku,Úspěšný
05-05-2025 22:12:20,Ověření názvu stránky,Úspěšný
05-05-2025 22:12:20,Ověření loga,Úspěšný
05-05-2025 22:12:41,Test odkazu: ŽIVĚ.CZ,Neúspěšný
05-05-2025 22:12:46,Test odkazu: POČÍTAČE,Úspěšný
05-05-2025 22:12:51,Test odkazu: MOBILY,Úspěšný
05-05-2025 22:13:12,Test odkazu: VĚDA A TECHNIKA,Neúspěšný
05-05-2025 22:13:17,Test odkazu: HRY,Úspěšný
05-05-2025 22:13:39,Test odkazu: FILMY A AV,Neúspěšný
05-05-2025 22:13:40,Otevření článku,Úspěšný
05-05-2025 22:30:00,Ověření názvu stránky,Úspěšný
05-05-2025 22:30:00,Ověření loga,Úspěšný
05-05-2025 22:30:05,Test odkazu: ŽIVĚ.CZ,Úspěšný
05-05-2025 22:30:27,Test odkazu: POČÍTAČE,Neúspěšný
05-05-2025 22:30:32,Test odkazu: MOBILY,Úspěšný
05-05-2025 22:30:37,Test odkazu: VĚDA A TECHNIKA,Úspěšný
05-05-2025 22:30:44,Test odkazu: HRY,Úspěšný
05-05-2025 22:31:05,Test odkazu: FILMY A AV,Neúspěšný
05-05-2025 22:31:07,Otevření článku,Úspěšný
05-05-2025 22:34:35,Ověření názvu stránky,Úspěšný
05-05-2025 22:34:35,Ověření loga,Úspěšný
05-05-2025 22:34:41,Test odkazu: ŽIVĚ.CZ,Úspěšný
05-05-2025 22:35:02,Test odkazu: POČÍTAČE,Neúspěšný
05-05-2025 22:35:07,Test odkazu: MOBILY,Úspěšný
05-05-2025 22:35:11,Test odkazu: VĚDA A TECHNIKA,Úspěšný
05-05-2025 22:35:16,Test odkazu: HRY,Úspěšný
05-05-2025 22:35:36,Test odkazu: FILMY A AV,Neúspěšný
05-05-2025 22:35:39,Otevření článku,Úspěšný
